{
  "corners_original": [
    [
      0,
      0
    ],
    [
      828,
      0
    ],
    [
      828,
      721
    ],
    [
      0,
      721
    ]
  ],
  "corners_translated": [
    [
      38,
      140
    ],
    [
      880,
      133
    ],
    [
      880,
      915
    ],
    [
      30,
      891
    ]
  ],
  "coefficients": [
    1.027546347218939,
    0.010945899837232034,
    -40.5791871715495,
    0.008087886989446381,
    0.9728572635875746,
    -136.50735660786046,
    4.894268552525737e-05,
    1.3219685793744907e-05
  ]
}