{
  "corners_original": [
    [
      0,
      0
    ],
    [
      828,
      0
    ],
    [
      828,
      721
    ],
    [
      0,
      721
    ]
  ],
  "corners_translated": [
    [
      52,
      137
    ],
    [
      719,
      135
    ],
    [
      683,
      808
    ],
    [
      43,
      775
    ]
  ],
  "coefficients": [
    1.3076275006472164,
    0.01844615596524633,
    -70.52375340089635,
    0.0032497016258884663,
    1.0837754922324718,
    -148.6462269203955,
    8.498645397376073e-05,
    -5.765347108024355e-05
  ]
}