{
  "corners_original": [
    [
      0,
      0
    ],
    [
      828,
      0
    ],
    [
      828,
      721
    ],
    [
      0,
      721
    ]
  ],
  "corners_translated": [
    [
      48,
      86
    ],
    [
      894,
      92
    ],
    [
      895,
      908
    ],
    [
      50,
      908
    ]
  ],
  "coefficients": [
    0.9710770460765734,
    -0.0023627178736578096,
    -46.408504474558335,
    -0.0062102606560257775,
    0.8756467524994327,
    -75.00752820346099,
    -8.613398968136294e-06,
    -1.4057154679533697e-06
  ]
}