{
  "corners_original": [
    [
      0,
      0
    ],
    [
      828,
      0
    ],
    [
      828,
      721
    ],
    [
      0,
      721
    ]
  ],
  "corners_translated": [
    [
      55,
      62
    ],
    [
      793,
      111
    ],
    [
      799,
      880
    ],
    [
      52,
      922
    ]
  ],
  "coefficients": [
    0.9966811889770284,
    0.003476794845273064,
    -55.033026674138505,
    -0.0559931657854003,
    0.8433256397883166,
    -49.206565548680466,
    -0.000142597800005008,
    1.4703467456162674e-05
  ]
}