{
  "corners_original": [
    [
      0,
      0
    ],
    [
      828,
      0
    ],
    [
      828,
      721
    ],
    [
      0,
      721
    ]
  ],
  "corners_translated": [
    [
      45,
      144
    ],
    [
      708,
      90
    ],
    [
      708,
      922
    ],
    [
      53,
      858
    ]
  ],
  "coefficients": [
    1.467854334722819,
    -0.016446547167759833,
    -63.68514227036781,
    0.08186728189127875,
    1.0051482943318353,
    -148.42538206889128,
    0.00025170536640157083,
    -1.9862979671206948e-05
  ]
}