{
  "corners_original": [
    [
      0,
      0
    ],
    [
      828,
      0
    ],
    [
      828,
      721
    ],
    [
      0,
      721
    ]
  ],
  "corners_translated": [
    [
      74,
      133
    ],
    [
      806,
      145
    ],
    [
      806,
      859
    ],
    [
      39,
      905
    ]
  ],
  "coefficients": [
    1.0484729040731533,
    0.04753439331938177,
    -83.90906921287454,
    -0.016034188709209814,
    0.9780855112619348,
    -128.89884303335597,
    -0.00010015450026059418,
    5.740868758379309e-05
  ]
}