{
  "corners_original": [
    [
      0,
      0
    ],
    [
      828,
      0
    ],
    [
      828,
      721
    ],
    [
      0,
      721
    ]
  ],
  "corners_translated": [
    [
      22,
      54
    ],
    [
      856,
      51
    ],
    [
      855,
      957
    ],
    [
      57,
      903
    ]
  ],
  "coefficients": [
    1.0611999890149593,
    -0.04374793829861881,
    -20.984011090212274,
    0.0029195812102753194,
    0.8116435764564549,
    -43.892983915274066,
    8.389064665431953e-05,
    -5.4157696185560233e-05
  ]
}