{
  "corners_original": [
    [
      0,
      0
    ],
    [
      828,
      0
    ],
    [
      828,
      721
    ],
    [
      0,
      721
    ]
  ],
  "corners_translated": [
    [
      53,
      126
    ],
    [
      858,
      122
    ],
    [
      858,
      918
    ],
    [
      77,
      866
    ]
  ],
  "coefficients": [
    1.108240084728806,
    -0.03594292166687658,
    -54.207916360606625,
    0.004694637166478089,
    0.9447957297534397,
    -119.29307771875912,
    9.66494323625163e-05,
    -4.3409325684639316e-05
  ]
}